,n_cont_iter,mean_diff,mean_time
0,100 (default),-0.06299796038922256,10.134663920402527
1,10,-0.10050569053766796,2.1813476663827895
2,1,0.08222705828726051,1.3803538006544114
