,setup,mean_diff,mean_time
0,"3 restarts, 100 iterations (default)",0.018425251544437138,10.0352137362957
1,"2 restarts, 100 iterations",0.05030315399927691,7.4642237359285355
2,"1 restarts, 100 iterations",0.0937563269180794,4.3248065847158434
3,"3 restarts, 10 iterations",0.04766196988267501,1.651924528479576
4,"3 restarts, 1 iterations",0.10353652564364937,0.7853738194704056
5,"1 restarts, 10 iterations",0.1922491765081772,1.4797483587265015
6,"1 restarts, 1 iterations",0.2744101616252824,1.2055832159519195
7,"2 restarts, 10 iterations",0.05295603883171864,1.7936362779140473
8,"2 restarts, 1 iterations",0.15469511856500995,1.0107087361812592
